ville,temp_moyenne_moy,nb_jours_pluvieux,precip_total
London,11.014495412844036,0,0.0
New York,14.078818643285649,510,2593.5
Paris,13.502569986232215,249,733.5
Sydney,18.30579379562044,455,3082.7
Tokyo,16.92007299270073,594,5744.1
